id,code,type,user_type,name,parent_id
account_0,0,View,View,IMSAR LLC,
account_1-2-3,1-2-3,View,View,BALANCE SHEET,IMSAR LLC
account_1000000,1000000,View,View,ASSETS,BALANCE SHEET
account_1100000,1100000,View,View,CURRENT ASSETS,ASSETS
account_1110000,1110000,View,View,CASH,CURRENT ASSETS
account_1111000,1111000,View,View,CURRENCY,CASH
account_1111005,1111005,Liquidity,Cash,PETTY CASH,CURRENCY
account_1111020,1111020,Liquidity,Cash,QUARTERS,CURRENCY
account_1112000,1112000,View,View,CHECKING ACCOUNTS,CASH
account_1112105,1112105,Liquidity,Check,BANK OF AMERICAN FORK - CHECKING,CHECKING ACCOUNTS
account_1112305,1112305,Liquidity,Check,ZION'S - CHECKING,CHECKING ACCOUNTS
account_1112320,1112320,Liquidity,Bank,ZION'S - TRAVEL DEBIT,CHECKING ACCOUNTS
account_1112340,1112340,Liquidity,Bank,ZION'S - SWEEP ACCOUNT,CHECKING ACCOUNTS
account_1112950,1112950,Liquidity,Check,IMSAR AVIATION CHECKING,CHECKING ACCOUNTS
account_1112960,1112960,Liquidity,Check,AVIANT CHECKING,CHECKING ACCOUNTS
account_1112970,1112970,Liquidity,Check,TAGSMYTH CHECKING,CHECKING ACCOUNTS
account_1113000,1113000,View,View,SAVINGS ACCOUNTS,CASH
account_1113110,1113110,Liquidity,Bank,BANK OF AMERICAN FORK - SAVINGS,SAVINGS ACCOUNTS
account_1115000,1115000,View,View,CASH RESERVE ACCOUNTS,CASH
account_1115210,1115210,Liquidity,Bank,CENTRAL BANK - RESERVE ACCOUNT,CASH RESERVE ACCOUNTS
account_1120000,1120000,View,View,ACCOUNTS RECEIVABLE,CURRENT ASSETS
account_1121000,1121000,Receivable,Account Receivable,TRADE RECEIVABLES,ACCOUNTS RECEIVABLE
account_1121005,1121005,Receivable,Account Receivable,PENDING RECEIVABLES,ACCOUNTS RECEIVABLE
account_1130000,1130000,View,View,PREPAID EXPENSE,CURRENT ASSETS
account_1131110,1131110,Regular,Asset,PREPAID HEALTH INSURANCE,PREPAID EXPENSE
account_1131120,1131120,Regular,Asset,PREPAID DENTAL,PREPAID EXPENSE
account_1131130,1131130,Regular,Asset,PREPAID COBRA,PREPAID EXPENSE
account_1133110,1133110,Regular,Asset,PREPAID LIFE INSURANCE,PREPAID EXPENSE
account_1134110,1134110,Regular,Asset,PREPAID DISABILITY INSURANCE,PREPAID EXPENSE
account_1135270,1135270,Regular,Asset,PREPAID INSURANCE - OTHER,PREPAID EXPENSE
account_1136110,1136110,Regular,Asset,PREPAID CONSULTING FEES,PREPAID EXPENSE
account_1137105,1137105,Regular,Asset,PREPAID LEASE,PREPAID EXPENSE
account_1138510,1138510,Regular,Asset,PREPAID FUEL,PREPAID EXPENSE
account_1138990,1138990,Regular,Asset,PREPAID OTHER EXPENSE,PREPAID EXPENSE
account_1140000,1140000,View,View,INVENTORY,CURRENT ASSETS
account_1141000,1141000,View,View,RAW MATERIALS INVENTORY,INVENTORY
account_1141010,1141010,Regular,Asset,INVENTORY RECEIVED - NOT INVOICED,RAW MATERIALS INVENTORY
account_1141110,1141110,Regular,Asset,CAGE MATERIALS,RAW MATERIALS INVENTORY
account_1141210,1141210,Regular,Asset,TOWER PARTS,RAW MATERIALS INVENTORY
account_1142005,1142005,Regular,Asset,WORK IN PROCESS,INVENTORY
account_1143005,1143005,Regular,Asset,ASSEMBLIES,INVENTORY
account_1148000,1148000,View,View,FINISHED GOODS INVENTORY,INVENTORY
account_1148105,1148105,Regular,Asset,FINISHED GOODS,FINISHED GOODS INVENTORY
account_1148990,1148990,Regular,Asset,FINISHED GOODS - SHIPPED NOT BILLED,FINISHED GOODS INVENTORY
account_1170000,1170000,View,View,OTHER CURRENT ASSETS,CURRENT ASSETS
account_1171010,1171010,Regular,Asset,ACCRUED INCOME,OTHER CURRENT ASSETS
account_1172110,1172110,Regular,Asset,EMPLOYEE ADVANCES,OTHER CURRENT ASSETS
account_1173110,1173110,Regular,Asset,DEPOSITS - SHORT TERM,OTHER CURRENT ASSETS
account_1174110,1174110,Regular,Asset,ROYALTIES RECEIVABLE,OTHER CURRENT ASSETS
account_1175110,1175110,Regular,Asset,MISC RECEIVABLES,OTHER CURRENT ASSETS
account_1176000,1176000,View,View,INTERCOMPANY RECEIVABLES,OTHER CURRENT ASSETS
account_1176950,1176950,Receivable,Account Receivable,INTERCOMPANY RECEIVABLE - AVIATION,INTERCOMPANY RECEIVABLES
account_1176960,1176960,Receivable,Account Receivable,INTERCOMPANY RECEIVABLE - AVIANT,INTERCOMPANY RECEIVABLES
account_1176970,1176970,Receivable,Account Receivable,INTERCOMPANY RECEIVABLE - TAGSMYTH,INTERCOMPANY RECEIVABLES
account_1177000,1177000,View,View,SHORT TERM NOTES RECEIVABLE,OTHER CURRENT ASSETS
account_1177105,1177105,Receivable,Account Receivable,SHORT-TERM N/R - GADGETSMYTH,SHORT TERM NOTES RECEIVABLE
account_1177950,1177950,Receivable,Account Receivable,SHORT-TERM N/R - IMSAR AVIATION LLC,SHORT TERM NOTES RECEIVABLE
account_1177960,1177960,Receivable,Account Receivable,SHORT-TERM N/R - AVIANT LLC,SHORT TERM NOTES RECEIVABLE
account_1177970,1177970,Receivable,Account Receivable,SHORT-TERM N/R - TAGSMYTH LLC,SHORT TERM NOTES RECEIVABLE
account_1179995,1179995,Regular,Account Receivable,CURRENT PORTION OF LT NOTES RECEIVABLE,OTHER CURRENT ASSETS
account_1600000,1600000,View,View,LONG TERM ASSETS,ASSETS
account_1610000,1610000,View,View,NET FIXED ASSETS,LONG TERM ASSETS
account_1611000,1611000,View,View,FIXED ASSETS,NET FIXED ASSETS
account_1611100,1611100,View,View,DEPRECIABLE ASSETS,FIXED ASSETS
account_1611110,1611110,Regular,Asset,SOFTWARE,DEPRECIABLE ASSETS
account_1611120,1611120,Regular,Asset,FUNITURE & FIXTURES,DEPRECIABLE ASSETS
account_1611130,1611130,View,View,EQUIPMENT,DEPRECIABLE ASSETS
account_1611132,1611132,Regular,Asset,COMPONENTS,EQUIPMENT
account_1611134,1611134,Regular,Asset,EQUIPMENT FOR LEASE,EQUIPMENT
account_1611136,1611136,Regular,Asset,IT EQUIPMENT,EQUIPMENT
account_1611139,1611139,Regular,Asset,OTHER EQUIPMENT,EQUIPMENT
account_1611165,1611165,Regular,Asset,GROUND VEHICLES,DEPRECIABLE ASSETS
account_1611175,1611175,Regular,Asset,AIRCRAFT,DEPRECIABLE ASSETS
account_1611185,1611185,Regular,Asset,LEASEHOLD IMPROVEMENTS,DEPRECIABLE ASSETS
account_1611195,1611195,Regular,Asset,BUILDINGS,DEPRECIABLE ASSETS
account_1611800,1611800,Regular,Asset,LAND,FIXED ASSETS
account_1619223,1619223,Regular,Asset,ACCUMULATED DEPRECIATION,NET FIXED ASSETS
account_1620000,1620000,View,View,NET INTANGIBLE ASSETS,LONG TERM ASSETS
account_1621000,1621000,View,View,INTANGIBLE ASSETS,NET INTANGIBLE ASSETS
account_1621110,1621110,Regular,Asset,INTELLECTUAL PROPERTY,INTANGIBLE ASSETS
account_1621210,1621210,Regular,Asset,GOODWILL,INTANGIBLE ASSETS
account_1629900,1629900,Regular,Asset,ACCUMULATED AMORTIZATION,NET INTANGIBLE ASSETS
account_1630000,1630000,View,View,LONG TERM NOTES RECEIVABLE,LONG TERM ASSETS
account_1639995,1639995,Regular,Asset,LESS:  CURRENT PORTION LONG TERM RECEIVABLES,LONG TERM NOTES RECEIVABLE
account_1670000,1670000,View,View,INVESTMENTS,LONG TERM ASSETS
account_1675000,1675000,View,View,INVESTMENT IN SUBSIDIARIES,INVESTMENTS
account_1675950,1675950,Regular,Asset,INVESTMENT IN IMSAR AVIATION LLC,INVESTMENT IN SUBSIDIARIES
account_1675960,1675960,Regular,Asset,INVESTMENT IN AVIANT LLC,INVESTMENT IN SUBSIDIARIES
account_1675970,1675970,Regular,Asset,INVESTMENT IN TAGSMYTH LLC,INVESTMENT IN SUBSIDIARIES
account_1679000,1679000,View,View,OTHER INVESTMENTS,INVESTMENTS
account_1680000,1680000,View,View,OTHER LONG TERM ASSETS,LONG TERM ASSETS
account_2-3,2-3,View,View,LIABILITIES AND EQUITY,BALANCE SHEET
account_2000000,2000000,View,View,LIABILITIES,LIABILITIES AND EQUITY
account_2100000,2100000,View,View,CURRENT LIABILITIES,LIABILITIES
account_2110000,2110000,View,View,ACCOUNTS PAYABLE,CURRENT LIABILITIES
account_2111000,2111000,payable,Account Payable,PAYABLES,ACCOUNTS PAYABLE
account_2111005,2111005,payable,Account Payable,PAYABLES INCURRED NOT BILLED,ACCOUNTS PAYABLE
account_2120000,2120000,View,View,CREDIT CARD LIABILITIES,CURRENT LIABILITIES
account_2121005,2121005,Regular,Credit Card,BAF CC - MARK CATANZARO,CREDIT CARD LIABILITIES
account_2121010,2121010,Regular,Credit Card,BAF CC - JENY GRIERSON,CREDIT CARD LIABILITIES
account_2121015,2121015,Regular,Credit Card,BAF CC - NATHAN HARDY,CREDIT CARD LIABILITIES
account_2121020,2121020,Regular,Credit Card,BAF CC - JOSHUA HINTZE,CREDIT CARD LIABILITIES
account_2121025,2121025,Regular,Credit Card,BAF CC - RHETT PHILLIPS,CREDIT CARD LIABILITIES
account_2121030,2121030,Regular,Credit Card,BAF CC - ADAM ROBERTSON,CREDIT CARD LIABILITIES
account_2121035,2121035,Regular,Credit Card,BAF CC - RYAN SMITH,CREDIT CARD LIABILITIES
account_2123005,2123005,Regular,Credit Card,ZIONS CC - SANDRA GEIGER,CREDIT CARD LIABILITIES
account_2123010,2123010,Regular,Credit Card,ZIONS CC - JENYLYN GRIERSON,CREDIT CARD LIABILITIES
account_2123015,2123015,Regular,Credit Card,ZIONS CC - RILEY HANSEN,CREDIT CARD LIABILITIES
account_2129950,2129950,Regular,Credit Card,ZIONS CC - IMSAR AVIATION,CREDIT CARD LIABILITIES
account_2129960,2129960,Regular,Credit Card,ZIONS CC - AVIANT LLC,CREDIT CARD LIABILITIES
account_2129970,2129970,Regular,Credit Card,ZIONS CC - TAGSMYTH LLC,CREDIT CARD LIABILITIES
account_2130000,2130000,View,View,PAYROLL & TAX LIABILITIES,CURRENT LIABILITIES
account_2131010,2131010,Regular,Account Payable,WAGES PAYABLE,PAYROLL & TAX LIABILITIES
account_2131020,2131020,Regular,Account Payable,OWNER'S SALARY PAYABLE,PAYROLL & TAX LIABILITIES
account_2132010,2132010,Regular,Account Payable,GARNISHMENTS,PAYROLL & TAX LIABILITIES
account_2133060,2133060,Regular,Account Payable,OTHER PAYROLL LIABILITES,PAYROLL & TAX LIABILITIES
account_2134000,2134000,View,View,PAYROLL TAX LIABILITIES,PAYROLL & TAX LIABILITIES
account_2134010,2134010,Regular,Liability,941 PAYROLL TAX LIABILITY,PAYROLL TAX LIABILITIES
account_2134020,2134020,Regular,Liability,STATE W/H TAX LIABILITY,PAYROLL TAX LIABILITIES
account_2134040,2134040,Regular,Liability,FUTA TAX LIABILITY,PAYROLL TAX LIABILITIES
account_2134050,2134050,Regular,Liability,SUTA TAX LIABILITY,PAYROLL TAX LIABILITIES
account_2138000,2138000,View,View,OTHER TAX LIABILITIES,PAYROLL & TAX LIABILITIES
account_2138010,2138010,Regular,Account Payable,PROPERTY TAX PAYABLE,OTHER TAX LIABILITIES
account_2138030,2138030,Regular,Account Payable,SALES TAX PAYABLE,OTHER TAX LIABILITIES
account_2140000,2140000,View,View,EMPLOYEE BENEFIT LIABILITIES,CURRENT LIABILITIES
account_2140105,2140105,Regular,Liability,HOLIDAY PAY LIABILITY,EMPLOYEE BENEFIT LIABILITIES
account_2140210,2140210,Regular,Liability,PTO LIABILITY,EMPLOYEE BENEFIT LIABILITIES
account_2140315,2140315,Regular,Liability,HEALTH INSURANCE LIABILITY,EMPLOYEE BENEFIT LIABILITIES
account_2140320,2140320,Regular,Liability,DENTAL INSURANCE LIABILITY,EMPLOYEE BENEFIT LIABILITIES
account_2140425,2140425,Regular,Liability,HSA LIABILITY,EMPLOYEE BENEFIT LIABILITIES
account_2140530,2140530,Regular,Liability,401K LIABILITY,EMPLOYEE BENEFIT LIABILITIES
account_2140635,2140635,Regular,Liability,LIFE INSURANCE PREMIUMS LIABILITY,EMPLOYEE BENEFIT LIABILITIES
account_2140640,2140640,Regular,Liability,DISABILITY INSURANCE LIABILITY,EMPLOYEE BENEFIT LIABILITIES
account_2147000,2147000,View,View,BONUS LIABILITY,EMPLOYEE BENEFIT LIABILITIES
account_2147010,2147010,Regular,Liability,SPOT BONUS LIABILITY,BONUS LIABILITY
account_2147020,2147020,Regular,Liability,PROFIT SHARING BONUS LIABILITY,BONUS LIABILITY
account_2147850,2147850,Regular,Liability,NON-EMPLOYEE  BONUS LIABILITY,BONUS LIABILITY
account_2170000,2170000,View,View,OTHER CURRENT LIABILITIES,CURRENT LIABILITIES
account_2171110,2171110,Regular,Liability,ACCRUED LIABILITITES,OTHER CURRENT LIABILITIES
account_2172110,2172110,Regular,Liability,ROYALTIES PAYABLE,OTHER CURRENT LIABILITIES
account_2173110,2173110,Regular,Liability,UNEARNED INCOME,OTHER CURRENT LIABILITIES
account_2176000,2176000,View,View,INTERCOMPANY PAYABLES,OTHER CURRENT LIABILITIES
account_2176950,2176950,payable,Account Payable,INTERCOMPANY PAYABLE - AVIATION,INTERCOMPANY PAYABLES
account_2176960,2176960,payable,Account Payable,INTERCOMPANY PAYABLE - AVIANT,INTERCOMPANY PAYABLES
account_2176970,2176970,payable,Account Payable,INTERCOMPANY PAYABLE - TAGSMYTH,INTERCOMPANY PAYABLES
account_2177000,2177000,View,View,SHORT TERM NOTES PAYABLE,OTHER CURRENT LIABILITIES
account_2177105,2177105,payable,Account Payable,BANK OF AMERICAN FORK - LINE OF CREDIT,SHORT TERM NOTES PAYABLE
account_2177305,2177305,payable,Account Payable,ZION'S - LINE OF CREDIT,SHORT TERM NOTES PAYABLE
account_2179995,2179995,payable,Account Payable,CURRENT PORTION LT DEBT,OTHER CURRENT LIABILITIES
account_2800000,2800000,View,View,LONG TERM LIABILITIES,LIABILITIES
account_2811305,2811305,payable,Account Payable,BANK OF AMERICAN FORK - MFG EQUIPMENT LOAN,LONG TERM LIABILITIES
account_2899995,2899995,Regular,Liability,LESS:  CURRENT PORTION LT DEBT,LONG TERM LIABILITIES
account_3000000,3000000,View,View,EQUITY,LIABILITIES AND EQUITY
account_3100000,3100000,View,View,OWNERS EQUITY,EQUITY
account_3110000,3110000,View,View,RYAN SMITH EQUITY,OWNERS EQUITY
account_3111010,3111010,Regular,Equity,RYAN SMITH EQUITY - INVESTMENTS,RYAN SMITH EQUITY
account_3111020,3111020,Regular,Equity,RYAN SMITH EQUITY - DRAWS,RYAN SMITH EQUITY
account_3111030,3111030,Regular,Equity,RYAN SMITH EQUITY - EARNINGS,RYAN SMITH EQUITY
account_3120000,3120000,View,View,LOGAN HARRIS EQUITY,OWNERS EQUITY
account_3121010,3121010,Regular,Equity,LOGAN HARRIS EQUITY - INVESTMENTS,LOGAN HARRIS EQUITY
account_3121020,3121020,Regular,Equity,LOGAN HARRIS EQUITY - DRAWS,LOGAN HARRIS EQUITY
account_3121030,3121030,Regular,Equity,LOGAN HARRIS EQUITY - EARNINGS,LOGAN HARRIS EQUITY
account_3130000,3130000,View,View,WAVETRONIX EQUITY,OWNERS EQUITY
account_3131010,3131010,Regular,Equity,WAVETRONIX EQUITY - INVESTMENTS,WAVETRONIX EQUITY
account_3131020,3131020,Regular,Equity,WAVETRONIX EQUITY - DRAWS,WAVETRONIX EQUITY
account_3131030,3131030,Regular,Equity,WAVETRONIX EQUITY - EARNINGS,WAVETRONIX EQUITY
account_3140000,3140000,View,View,DAVID LONG EQUITY,OWNERS EQUITY
account_3141010,3141010,Regular,Equity,DAVID LONG EQUITY - INVESTMENTS,DAVID LONG EQUITY
account_3141020,3141020,Regular,Equity,DAVID LONG EQUITY - DRAWS,DAVID LONG EQUITY
account_3141030,3141030,Regular,Equity,DAVID LONG EQUITY - EARNINGS,DAVID LONG EQUITY
account_3999990,3999990,View,View,PROFIT (LOSS) (BALANCE SHEET),EQUITY
account_3999991,3999991,Regular,Equity,NET INCOME (CURRENT YEAR),PROFIT (LOSS) (BALANCE SHEET)
account_4-5-6-7-8-9,4-5-6-7-8-9,View,View,PROFIT AND LOSS,IMSAR LLC
account_4000000,4000000,View,View,REVENUE,PROFIT AND LOSS
account_4100000,4100000,View,View,SERVICES REVENUE,REVENUE
account_4110000,4110000,View,View,ENGINEERING SERVICES REVENUE,SERVICES REVENUE
account_4111010,4111010,Regular,Services,DOD ENGINEERING SERVICES,ENGINEERING SERVICES REVENUE
account_4112000,4112000,View,View,NON-DOD ENGINEERING SERVICES,ENGINEERING SERVICES REVENUE
account_4112110,4112110,Regular,Services,NON-DOD ENGINEERING SERVICES - EXTERNAL,NON-DOD ENGINEERING SERVICES
account_4112210,4112210,Regular,Services,NON-DOD ENGINEERING SERVICES - INTERCO,NON-DOD ENGINEERING SERVICES
account_4600000,4600000,View,View,PRODUCT SALES & LEASE REVENUE,REVENUE
account_4610000,4610000,View,View,PRODUCT SALES,PRODUCT SALES & LEASE REVENUE
account_4611010,4611010,Regular,Product Sales,DOD PRODUCT SALES,PRODUCT SALES
account_4612000,4612000,View,View,NON-DOD PRODUCT SALES,PRODUCT SALES
account_4612110,4612110,Regular,Product Sales,NON-DOD PRODUCT SALES - EXTERNAL,NON-DOD PRODUCT SALES
account_4612210,4612210,Regular,Product Sales,NON-DOD PRODUCT SALES - INTERCO,NON-DOD PRODUCT SALES
account_4619110,4619110,Regular,Parts Sales,NON-DOD PARTS SALES,PRODUCT SALES
account_4630000,4630000,View,View,PRODUCT LEASES,PRODUCT SALES & LEASE REVENUE
account_4631110,4631110,Regular,Leases,DOD PRODUCT LEASES,PRODUCT LEASES
account_4632000,4632000,View,View,NON-DOD PRODUCT LEASES,PRODUCT LEASES
account_4632110,4632110,Regular,Leases,NON-DOD PRODUCT LEASES - EXTERNAL,NON-DOD PRODUCT LEASES
account_4632210,4632210,Regular,Leases,NON-DOD PRODUCT LEASES - INTERCO,NON-DOD PRODUCT LEASES
account_5-6,5-6,View,View,DIRECT EXPENSE,PROFIT AND LOSS
account_5000000,5000000,View,View,CONTRACT EXPENSE,DIRECT EXPENSE
account_5100000,5100000,View,View,ENGINEERING SERVICE CONTRACTS,CONTRACT EXPENSE
account_5110000,5110000,View,View,DIRECT ENGINEERING SERVICES EXPENSE,ENGINEERING SERVICE CONTRACTS
account_5111000,5111000,View,View,DOD CONTRACT EXPENSE,DIRECT ENGINEERING SERVICES EXPENSE
account_5111100,5111100,View,View,DOD CONTRACT LABOR,DOD CONTRACT EXPENSE
account_5111110,5111110,Regular,Labor,DOD CONTRACT LABOR - ALLOWABLE,DOD CONTRACT LABOR
account_5111185,5111185,Regular,Labor,DOD CONTRACT LABOR - OT PREMIUM - UNALLOWABLE,DOD CONTRACT LABOR
account_5111210,5111210,Regular,Materials,DOD CONTRACT MATERIALS,DOD CONTRACT EXPENSE
account_5111300,5111300,View,View,DOD CONTRACT TRAVEL,DOD CONTRACT EXPENSE
account_5111311,5111311,Regular,Travel,DOD CONTACT TRAVEL,DOD CONTRACT TRAVEL
account_5111315,5111315,Regular,Travel - Owner Per Diem,DOD CONTACT TRAVEL - OWNER PER DIEM,DOD CONTRACT TRAVEL
account_5111400,5111400,View,View,DOD CONTRACT SUBCONTRACTORS,DOD CONTRACT EXPENSE
account_5111411,5111411,Regular,Subs - External,DOD CONTACT SUBCONTRACTORS - EXTERNAL,DOD CONTRACT SUBCONTRACTORS
account_5111416,5111416,Regular,Subs - External,DOD CONTACT SUBCONTRACTORS - INTERCO,DOD CONTRACT SUBCONTRACTORS
account_5111710,5111710,Regular,Other,DOD CONTACT OTHER EXPENSE,DOD CONTRACT EXPENSE
account_5112000,5112000,View,View,NON-DOD CONTRACT EXPENSE,DIRECT ENGINEERING SERVICES EXPENSE
account_5112100,5112100,View,View,NON-DOD CONTRACT LABOR,NON-DOD CONTRACT EXPENSE
account_5112121,5112121,Regular,Labor,INTERCO CONTRACT LABOR,NON-DOD CONTRACT LABOR
account_5112111,5112111,Regular,Labor,NON-DOD CONTRACT LABOR,NON-DOD CONTRACT LABOR
account_5112200,5112200,View,View,NON-DOD CONTRACT MATERIALS,NON-DOD CONTRACT EXPENSE
account_5112221,5112221,Regular,Materials,INTERCO CONTRACT MATERIALS,NON-DOD CONTRACT MATERIALS
account_5112211,5112211,Regular,Materials,NON-DOD CONTRACT MATERIALS,NON-DOD CONTRACT MATERIALS
account_5112300,5112300,View,View,NON-DOD CONTRACT TRAVEL,NON-DOD CONTRACT EXPENSE
account_5112315,5112315,Regular,Travel - Owner Per Diem,NON-DOD CONTRACT TRAVEL - OWNER PER DIEM,NON-DOD CONTRACT TRAVEL
account_5112321,5112321,Regular,Travel,INTERCO CONTRACT TRAVEL,NON-DOD CONTRACT TRAVEL
account_5112325,5112325,Regular,Travel - Owner Per Diem,INTERCO CONTRACT TRAVEL - OWNER PER DIEM,NON-DOD CONTRACT TRAVEL
account_5112311,5112311,Regular,Travel,NON-DOD CONTRACT TRAVEL,NON-DOD CONTRACT TRAVEL
account_5112400,5112400,View,View,NON-DOD CONTRACT SUBS,NON-DOD CONTRACT EXPENSE
account_5112411,5112411,Regular,Subs - External,NON-DOD CONTRACT SUBS - EXTERNAL,NON-DOD CONTRACT SUBS
account_5112416,5112416,Regular,Subs - Interco,NON-DOD CONTRACT SUBS - INTERCO,NON-DOD CONTRACT SUBS
account_5112421,5112421,Regular,Subs - External,INTERCO CONTRACT SUBS - EXTERNAL,NON-DOD CONTRACT SUBS
account_5112426,5112426,Regular,Subs - Interco,INTERCO CONTRACT SUBS - INTERCO,NON-DOD CONTRACT SUBS
account_5112700,5112700,View,View,NON-DOD CONTRACT OTHER EXPENSE,NON-DOD CONTRACT EXPENSE
account_5112711,5112711,Regular,Other,NON-DOD CONTRACT OTHER EXP,NON-DOD CONTRACT OTHER EXPENSE
account_5112721,5112721,Regular,Other,INTERCO CONTRACT OTHER EXP,NON-DOD CONTRACT OTHER EXPENSE
account_5170000,5170000,View,View,ENGINEERING OVERHEAD EXPENSE,ENGINEERING SERVICE CONTRACTS
account_5171000,5171000,View,View,ENGINEERING OVERHEAD LABOR,ENGINEERING OVERHEAD EXPENSE
account_5171100,5171100,Regular,Labor,ENG OH - LABOR - ALLOWABLE,ENGINEERING OVERHEAD LABOR
account_5171225,5171225,Regular,Labor,ENG OH - GOVT COMPLIANCE LABOR,ENGINEERING OVERHEAD LABOR
account_5171800,5171800,Regular,Labor,ENG OH - LABOR - UNALLOWABLE,ENGINEERING OVERHEAD LABOR
account_5172000,5172000,View,View,ENGINEERING OVERHEAD MATERIALS,ENGINEERING OVERHEAD EXPENSE
account_5172100,5172100,Regular,Materials,ENG OH - MATERIALS - ALLOWABLE,ENGINEERING OVERHEAD MATERIALS
account_5172225,5172225,Regular,Materials,ENG OH - GOVT COMPLIANCE MATERIALS,ENGINEERING OVERHEAD MATERIALS
account_5172800,5172800,Regular,Materials,ENG OH - MATERIALS - UNALLOWABLE,ENGINEERING OVERHEAD MATERIALS
account_5173000,5173000,View,View,ENGINEERING OVERHEAD TRAVEL,ENGINEERING OVERHEAD EXPENSE
account_5173100,5173100,Regular,Travel,ENG OH - TRAVEL - ALLOWABLE,ENGINEERING OVERHEAD TRAVEL
account_5173225,5173225,Regular,Travel,ENG OH - GOVT COMPLIANCE TRAVEL,ENGINEERING OVERHEAD TRAVEL
account_5173555,5173555,Regular,Travel - Owner Per Diem,ENG OH - OWNER PER DIEM,ENGINEERING OVERHEAD TRAVEL
account_5173800,5173800,Regular,Travel,ENG OH - TRAVEL - UNALLOWABLE,ENGINEERING OVERHEAD TRAVEL
account_5173855,5173855,Regular,Travel - Owner Per Diem,ENG OH - OWNER PER DIEM - UNALLOWABLE,ENGINEERING OVERHEAD TRAVEL
account_5174000,5174000,View,View,ENGINEERING OVERHEAD SUBS,ENGINEERING OVERHEAD EXPENSE
account_5174100,5174100,Regular,Subs,ENG OH - SUBCONTRACTORS - EXTERNAL,ENGINEERING OVERHEAD SUBS
account_5174225,5174225,Regular,Subs,ENG OH - SUBCONTRACTORS - GOVT COMPLIANCE,ENGINEERING OVERHEAD SUBS
account_5174606,5174606,Regular,Subs,ENG OH - SUBCONTRACTORS - INTERCO,ENGINEERING OVERHEAD SUBS
account_5177000,5177000,View,View,ENGINEERING OVERHEAD OTHER,ENGINEERING OVERHEAD EXPENSE
account_5177100,5177100,Regular,Other,ENG OH - MISC OTHER,ENGINEERING OVERHEAD OTHER
account_5177221,5177221,Regular,Other,ENG OH - DEPRECIATION,ENGINEERING OVERHEAD OTHER
account_5177223,5177223,Regular,Other,ENG OH - (GAIN)/LOSS ON DISPOSITION OF FIXED ASSETS,ENGINEERING OVERHEAD OTHER
account_5177225,5177225,Regular,Other,ENG OH - GOVT COMPLIANCE MISC,ENGINEERING OVERHEAD OTHER
account_5177800,5177800,Regular,Other,ENG OH - OTHER - UNALLOWABLE,ENGINEERING OVERHEAD OTHER
account_5177860,5177860,Regular,Other,ENG OH - MEALS & ENTERTAINMENT - UNALLOWABLE,ENGINEERING OVERHEAD OTHER
account_6000000,6000000,View,View,COST OF SALES,DIRECT EXPENSE
account_6100000,6100000,View,View,COST OF GOODS SOLD,COST OF SALES
account_6110000,6110000,View,View,COGS LABOR EXPENSE,COST OF GOODS SOLD
account_6110005,6110005,Regular,Other,COGS LABOR - BEGINNING INVENTORY,COGS LABOR EXPENSE
account_6111010,6111010,Regular,Labor,COGS LABOR,COGS LABOR EXPENSE
account_6119995,6119995,Regular,Other,COGS LABOR - ENDING INVENTORY,COGS LABOR EXPENSE
account_6120000,6120000,View,View,COGS MATERIALS EXPENSE,COST OF GOODS SOLD
account_6120005,6120005,Regular,Other,COGS MATERIALS - BEGINNING INVENTORY,COGS MATERIALS EXPENSE
account_6121010,6121010,Regular,Materials,COGS MATERIALS,COGS MATERIALS EXPENSE
account_6129995,6129995,Regular,Other,COGS MATERIALS - ENDING INVENTORY,COGS MATERIALS EXPENSE
account_6130000,6130000,View,View,COGS TRAVEL EXPENSE,COST OF GOODS SOLD
account_6130005,6130005,Regular,Other,COGS TRAVEL - BEGINNING INVENTORY,COGS TRAVEL EXPENSE
account_6131110,6131110,Regular,Travel,COGS TRAVEL – EMPLOYEE,COGS TRAVEL EXPENSE
account_6131155,6131155,Regular,Travel - Owner Per Diem,COGS TRAVEL - OWNER PER DIEM,COGS TRAVEL EXPENSE
account_6139995,6139995,Regular,Other,COGS TRAVEL- ENDING INVENTORY,COGS TRAVEL EXPENSE
account_6140000,6140000,View,View,COGS - SUBCONTRACTORS,COST OF GOODS SOLD
account_6140005,6140005,Regular,Other,COGS SUBCONTRACTOR - BEGINNING INVENTORY,COGS - SUBCONTRACTORS
account_6141105,6141105,Regular,Subs,COGS SUBS - EXTERNAL,COGS - SUBCONTRACTORS
account_6141606,6141606,Regular,Subs,COGS SUBS - INTERCO,COGS - SUBCONTRACTORS
account_6149995,6149995,Regular,Other,COGS SUBCONTRACTORS - ENDING INVENTORY,COGS - SUBCONTRACTORS
account_6150000,6150000,View,View,COGS - ROYALTIES,COST OF GOODS SOLD
account_6151105,6151105,Regular,Other,ROYALTIES EXTERNAL,COGS - ROYALTIES
account_6151606,6151606,Regular,Other,ROYALTIES INTERCO,COGS - ROYALTIES
account_6188095,6188095,Regular,Other,COGS OTHER EXPENSE,COST OF GOODS SOLD
account_6700000,6700000,View,View,MANUFACTURING OVERHEAD EXPENSE,COST OF SALES
account_6700005,6700005,Regular,Other,COGS - MFG OH - BEGINNING INVENTORY,MANUFACTURING OVERHEAD EXPENSE
account_6711000,6711000,View,View,MANUFACTURING OVERHEAD LABOR,MANUFACTURING OVERHEAD EXPENSE
account_6711100,6711100,Regular,Labor,MFG OH - LABOR - ALLOWABLE,MANUFACTURING OVERHEAD LABOR
account_6711225,6711225,Regular,Labor,MFG OH - GOVT COMPLIANCE LABOR,MANUFACTURING OVERHEAD LABOR
account_6711800,6711800,Regular,Labor,MFG OH - LABOR - UNALLOWABLE,MANUFACTURING OVERHEAD LABOR
account_6712000,6712000,View,View,MANUFACTURING OVERHEAD MATERIALS,MANUFACTURING OVERHEAD EXPENSE
account_6712100,6712100,Regular,Materials,MFG OH - MATERIALS - ALLOWABLE,MANUFACTURING OVERHEAD MATERIALS
account_6712225,6712225,Regular,Materials,MFG OH - GOVT COMPLIANCE MATERIALS,MANUFACTURING OVERHEAD MATERIALS
account_6712800,6712800,Regular,Materials,MFG OH - MATERIALS - UNALLOWABLE,MANUFACTURING OVERHEAD MATERIALS
account_6713000,6713000,View,View,MANUFACTURING OVERHEAD TRAVEL,MANUFACTURING OVERHEAD EXPENSE
account_6713100,6713100,Regular,Travel,MFG OH - TRAVEL,MANUFACTURING OVERHEAD TRAVEL
account_6713225,6713225,Regular,Travel,MFG OH - GOVT COMPLIANCE TRAVEL,MANUFACTURING OVERHEAD TRAVEL
account_6713555,6713555,Regular,Travel - Owner Per Diem,MFG OH - OWNER PER DIEM,MANUFACTURING OVERHEAD TRAVEL
account_6713800,6713800,Regular,Travel,MFG OH - TRAVEL - UNALLOWABLE,MANUFACTURING OVERHEAD TRAVEL
account_6713855,6713855,Regular,Travel - Owner Per Diem,MFG OH - OWNER PER DIEM - UNALLOWABLE,MANUFACTURING OVERHEAD TRAVEL
account_6714000,6714000,View,View,MANUFACTURING OVERHEAD SUBS,MANUFACTURING OVERHEAD EXPENSE
account_6714100,6714100,Regular,Subs,MFG OH - SUBS - EXTERNAL,MANUFACTURING OVERHEAD SUBS
account_6714225,6714225,Regular,Subs,MFG OH - SUBS - GOVT COMPLIANCE,MANUFACTURING OVERHEAD SUBS
account_6714606,6714606,Regular,Subs,MFG OH - SUBS - INTERCO,MANUFACTURING OVERHEAD SUBS
account_6717000,6717000,View,View,MANUFACTURING OVERHEAD OTHER,MANUFACTURING OVERHEAD EXPENSE
account_6717100,6717100,Regular,Other,MFG OH - MISC OTHER,MANUFACTURING OVERHEAD OTHER
account_6717221,6717221,Regular,Other,MFG OH - DEPRECIATION,MANUFACTURING OVERHEAD OTHER
account_6717223,6717223,Regular,Other,MFG OH - (GAIN)/LOSS ON DISPOSITION OF FIXED ASSETS,MANUFACTURING OVERHEAD OTHER
account_6717225,6717225,Regular,Other,MFG OH - GOVT COMPLIANCE MISC,MANUFACTURING OVERHEAD OTHER
account_6717800,6717800,Regular,Other,MFG OH - OTHER UNALLOWABLE,MANUFACTURING OVERHEAD OTHER
account_6717860,6717860,Regular,Other,MFG OH - MEAL & ENTERTAINMENT - UNALLOWABLE,MANUFACTURING OVERHEAD OTHER
account_6177867,6177867,Regular,Other,MFG OH - OWNER MEALS - UNALLOWABLE,MANUFACTURING OVERHEAD OTHER
account_6799995,6799995,Regular,Other,MFG OH - ENDING INVENTORY,MANUFACTURING OVERHEAD EXPENSE
account_7-8,7-8,View,View,INDIRECT EXPENSE,PROFIT AND LOSS
account_7100000,7100000,View,View,INTERNAL RESEARCH & DEVELOPMENT EXPENSE,INDIRECT EXPENSE
account_7111100,7111100,Regular,Labor,IR&D LABOR,INTERNAL RESEARCH & DEVELOPMENT EXPENSE
account_7112100,7112100,Regular,Materials,IR&D MATERIALS,INTERNAL RESEARCH & DEVELOPMENT EXPENSE
account_7113000,7113000,View,View,IR&D TRAVEL,INTERNAL RESEARCH & DEVELOPMENT EXPENSE
account_7113100,7113100,Regular,Travel,IR&D TRAVEL – MISC,IR&D TRAVEL
account_7113155,7113155,Regular,Travel - Owner Per Diem,IR&D TRAVEL - OWNER MEALS,IR&D TRAVEL
account_7114000,7114000,View,View,IR&D SUBCONTRACTORS,INTERNAL RESEARCH & DEVELOPMENT EXPENSE
account_7114100,7114100,Regular,Subs - External,IR&D SUBCONTRACTORS - EXTERNAL,IR&D SUBCONTRACTORS
account_7114660,7114660,Regular,Subs - Interco,IR&D SUBCONTRACTORS - INTERCO,IR&D SUBCONTRACTORS
account_7117100,7117100,Regular,Other,IR&D OTHER EXP,INTERNAL RESEARCH & DEVELOPMENT EXPENSE
account_8000000,8000000,View,View,GENERAL & ADMINISTRATIVE EXPENSE,INDIRECT EXPENSE
account_8100000,8100000,View,View,BUSINESS DEVELOPMENT,GENERAL & ADMINISTRATIVE EXPENSE
account_8110000,8110000,View,View,BID & PROPOSAL EXPENSE,BUSINESS DEVELOPMENT
account_8111110,8111110,Regular,Labor,BID & PROPOSAL LABOR,BID & PROPOSAL EXPENSE
account_8112110,8112110,Regular,Materials,BID & PROPOSAL MATERIALS,BID & PROPOSAL EXPENSE
account_8113000,8113000,View,View,BID & PROPOSAL TRAVEL,BID & PROPOSAL EXPENSE
account_8113110,8113110,Regular,Travel,BID & PROPOSAL TRAVEL – MISC,BID & PROPOSAL TRAVEL
account_8113155,8113155,Regular,Travel - Owner Per Diem,BID & PROPOSAL TRAVEL - OWNER MEALS,BID & PROPOSAL TRAVEL
account_8114000,8114000,View,View,BID & PROPOSAL SUBCONTRACTORS,BID & PROPOSAL EXPENSE
account_8114110,8114110,Regular,Subs - External,BID & PROPOSAL SUBCONTRACTORS - EXTERNAL,BID & PROPOSAL SUBCONTRACTORS
account_8114606,8114606,Regular,Subs - Interco,BID & PROPOSAL SUBCONTRACTORS - INTERCO,BID & PROPOSAL SUBCONTRACTORS
account_8117110,8117110,Regular,Other,BID & PROPOSAL OTHER EXPENSE,BID & PROPOSAL EXPENSE
account_8120000,8120000,View,View,DIRECT SALES & MARKETING EXPENSE,BUSINESS DEVELOPMENT
account_8121000,8121000,View,View,DIRECT SALES & MARKETING LABOR,DIRECT SALES & MARKETING EXPENSE
account_8121100,8121100,Regular,Labor,DIRECT SALES & MKTG - LABOR - ALLOWABLE,DIRECT SALES & MARKETING LABOR
account_8121800,8121800,Regular,Labor,DIRECT SALES & MKTG - LABOR - UNALLOWABLE,DIRECT SALES & MARKETING LABOR
account_8122000,8122000,View,View,DIRECT SALES & MARKETING MATERIAL,DIRECT SALES & MARKETING EXPENSE
account_8122100,8122100,Regular,Materials,DIRECT SALES & MKTG - MATERIAL - ALLOWABLE,DIRECT SALES & MARKETING MATERIAL
account_8122800,8122800,Regular,Materials,DIRECT SALES & MKTG - MATERIAL - UNALLOWABLE,DIRECT SALES & MARKETING MATERIAL
account_8123000,8123000,View,View,DIRECT SALES & MARKETING TRAVEL,DIRECT SALES & MARKETING EXPENSE
account_8123100,8123100,Regular,Travel,DIRECT SALES & MKTG - TRAVEL – ALLOWABLE,DIRECT SALES & MARKETING TRAVEL
account_8123155,8123155,Regular,Travel - Owner Per Diem,DIRECT SALES & MKTG - TRAVEL - OWNER PER DIEM - ALLOWABLE,DIRECT SALES & MARKETING TRAVEL
account_8123800,8123800,Regular,Travel,DIRECT SALES & MKTG - TRAVEL – UNALLOWABLE,DIRECT SALES & MARKETING TRAVEL
account_8123855,8123855,Regular,Travel - Owner Per Diem,DIRECT SALES & MKTG - TRAVEL – OWNER PER DIEM - UNALLOWABLE,DIRECT SALES & MARKETING TRAVEL
account_8124000,8124000,View,View,DIRECT SALES & MARKETING SUBCONTRACTORS,DIRECT SALES & MARKETING EXPENSE
account_8124100,8124100,Regular,Subs - External,DIRECT SALES & MKTG - SUBS - EXTERNAL - ALLOWABLE,DIRECT SALES & MARKETING SUBCONTRACTORS
account_8124106,8124106,Regular,Subs - Interco,DIRECT SALES & MKTG - SUBS - INTERCO - ALLOWABLE,DIRECT SALES & MARKETING SUBCONTRACTORS
account_8124800,8124800,Regular,Subs - External,DIRECT SALES & MKTG - SUBS - EXTERNAL - UNALLOWABLE,DIRECT SALES & MARKETING SUBCONTRACTORS
account_8124806,8124806,Regular,Subs - Interco,DIRECT SALES & MKTG - SUBS - INTERCO - UNALLOWABLE,DIRECT SALES & MARKETING SUBCONTRACTORS
account_812700,812700,View,View,DIRECT SALES & MARKETING OTHER EXPENSE,DIRECT SALES & MARKETING EXPENSE
account_8127100,8127100,Regular,Other,DIRECT SALES & MKTG - OTHER - ALLOWABLE,DIRECT SALES & MARKETING OTHER EXPENSE
account_8127800,8127800,Regular,Other,DIRECT SALES & MKTG - OTHER - UNALLOWABLE,DIRECT SALES & MARKETING OTHER EXPENSE
account_8160000,8160000,View,View,TRADE SHOW & CONVENTION,DIRECT SALES & MARKETING EXPENSE
account_8161000,8161000,View,View,TRADE SHOW LABOR,TRADE SHOW & CONVENTION
account_8161110,8161110,Regular,Labor,TRADE SHOW - LABOR - ALLOWABLE,TRADE SHOW LABOR
account_8161810,8161810,Regular,Labor,TRADE SHOW - LABOR - UNALLOWABLE,TRADE SHOW LABOR
account_8162000,8162000,View,View,TRADE SHOW MATERIAL,TRADE SHOW & CONVENTION
account_8162100,8162100,View,View,TRADE SHOW MATERIAL - ALLOWABLE,TRADE SHOW MATERIAL
account_8162116,8162116,Regular,Equipment,TRADE SHOW - EQUIPMENT - ALLOWABLE,TRADE SHOW MATERIAL - ALLOWABLE
account_8162156,8162156,Regular,Software,TRADE SHOW - SOFTWARE - ALLOWABLE,TRADE SHOW MATERIAL - ALLOWABLE
account_8162159,8162159,Regular,Supplies & Materials,TRADE SHOW - SUPPLIES & MATERIALS - ALLOWABLE,TRADE SHOW MATERIAL - ALLOWABLE
account_8162800,8162800,View,View,TRADE SHOW MATERIAL - UNALLOWABLE,TRADE SHOW MATERIAL
account_8162816,8162816,Regular,Equipment,TRADE SHOW - EQUIPMENT - UNALLOWABLE,TRADE SHOW MATERIAL - UNALLOWABLE
account_8162856,8162856,Regular,Software,TRADE SHOW - SOFTWARE - UNALLOWABLE,TRADE SHOW MATERIAL - UNALLOWABLE
account_8162859,8162859,Regular,Supplies & Materials,TRADE SHOW - SUPPLIES & MATERIALS - UNALLOWABLE,TRADE SHOW MATERIAL - UNALLOWABLE
account_8163000,8163000,View,View,TRADE SHOW TRAVEL,TRADE SHOW & CONVENTION
account_8163110,8163110,Regular,Travel,TRADE SHOW - TRAVEL - ALLOWABLE,TRADE SHOW TRAVEL
account_8163155,8163155,Regular,Travel - Owner Per Diem,TRADE SHOW - TRAVEL - OWNER PER DIEM - ALLOWABLE,TRADE SHOW TRAVEL
account_8163810,8163810,Regular,Travel,TRADE SHOW - TRAVEL - UNALLOWABLE,TRADE SHOW TRAVEL
account_8163855,8163855,Regular,Travel - Owner Per Diem,TRADE SHOW - TRAVEL - OWNER PER DIEM - UNALLOWABLE,TRADE SHOW TRAVEL
account_8164000,8164000,View,View,TRADE SHOW SUBCONTRACTORS,TRADE SHOW & CONVENTION
account_8164105,8164105,Regular,Contractors,TRADE SHOW - CONTRACTORS - ALLOWABLE,TRADE SHOW SUBCONTRACTORS
account_8164147,8164147,Regular,Consultants,TRADE SHOW - CONSULTANTS - ALLOWABLE,TRADE SHOW SUBCONTRACTORS
account_8164805,8164805,Regular,Contractors,TRADE SHOW - CONTRACTORS - UNALLOWABLE,TRADE SHOW SUBCONTRACTORS
account_8164847,8164847,Regular,Consultants,TRADE SHOW - CONSULTANTS - UNALLOWABLE,TRADE SHOW SUBCONTRACTORS
account_8165000,8165000,View,View,TRADE SHOW FEES,TRADE SHOW & CONVENTION
account_8167118,8167118,Regular,Fees,TRADE SHOW - FEES - ALLOWABLE,TRADE SHOW FEES
account_8167818,8167818,Regular,Fees,TRADE SHOW - FEES - UNALLOWABLE,TRADE SHOW FEES
account_8167000,8167000,View,View,TRADE SHOW OTHER EXPENSE,TRADE SHOW & CONVENTION
account_8167100,8167100,Regular,Other,TRADE SHOW - OTHER - ALLOWABLE,TRADE SHOW OTHER EXPENSE
account_8167800,8167800,Regular,Other,TRADE SHOW - OTHER - UNALLOWABLE,TRADE SHOW OTHER EXPENSE
account_8170000,8170000,View,View,MEDIA EXPENSE,BUSINESS DEVELOPMENT
account_8171000,8171000,View,View,MEDIA LABOR,MEDIA EXPENSE
account_8171100,8171100,Regular,Labor,MEDIA - LABOR - ALLOWABLE,MEDIA LABOR
account_8171800,8171800,Regular,Labor,MEDIA - LABOR - UNALLOWABLE,MEDIA LABOR
account_8172000,8172000,View,View,MEDIA MATERIALS,MEDIA EXPENSE
account_8172100,8172100,Regular,Materials,MEDIA - MATERIALS - ALLOWABLE,MEDIA MATERIALS
account_8172800,8172800,Regular,Materials,MEDIA - MATERIALS - UNALLOWABLE,MEDIA MATERIALS
account_8173000,8173000,View,View,MEDIA TRAVEL,MEDIA EXPENSE
account_8173100,8173100,Regular,Travel,MEDIA - TRAVEL - ALLOWABLE,MEDIA TRAVEL
account_8173155,8173155,Regular,Travel - Owner Per Diem,MEDIA - TRAVEL- OWNER PER DIEM - ALLOWABLE,MEDIA TRAVEL
account_8173800,8173800,Regular,Travel,MEDIA - TRAVEL - UNALLOWABLE,MEDIA TRAVEL
account_8173855,8173855,Regular,Travel - Owner Per Diem,MEDIA  -TRAVEL - OWNER PER DIEM - UNALLOWABLE,MEDIA TRAVEL
account_8174000,8174000,View,View,MEDIA CONSULTANTS & SUBCONTRACTORS,MEDIA EXPENSE
account_8174100,8174100,Regular,Subs,MEDIA - CONSULTANTS & SUBS - EXTERNAL - ALLOWABLE,MEDIA CONSULTANTS & SUBCONTRACTORS
account_8174106,8174106,Regular,Subs,MEDIA - CONSULTANTS & SUBS - INTERCO - ALLOWABLE,MEDIA CONSULTANTS & SUBCONTRACTORS
account_8174800,8174800,Regular,Subs,MEDIA - CONSULTANTS & SUBS - EXTERNAL - UNALLOWABLE,MEDIA CONSULTANTS & SUBCONTRACTORS
account_8174806,8174806,Regular,Subs,MEDIA - CONSULTANTS & SUBS - INTERCO - UNALLOWABLE,MEDIA CONSULTANTS & SUBCONTRACTORS
account_8177000,8177000,View,View,MEDIA OTHER EXPENSE,MEDIA EXPENSE
account_8177100,8177100,Regular,Other,MEDIA - OTHER - ALLOWABLE,MEDIA OTHER EXPENSE
account_81778100,81778100,Regular,Other,MEDIA - OTHER - UNALLOWABLE,MEDIA OTHER EXPENSE
account_8200000,8200000,View,View,ADMINISTRATIVE EXPENSE,GENERAL & ADMINISTRATIVE EXPENSE
account_8210000,8210000,View,View,ADMINISTRATIVE LABOR,ADMINISTRATIVE EXPENSE
account_8210100,8210100,Regular,Labor,ADMIN - LABOR - ALLOWABLE,ADMINISTRATIVE LABOR
account_8210225,8210225,Regular,Labor,ADMIN - GOVERNMENT COMPLIANCE LABOR,ADMINISTRATIVE LABOR
account_8210800,8210800,Regular,Labor,ADMIN -LABOR - UNALLOWABLE,ADMINISTRATIVE LABOR
account_8221100,8221100,Regular,Materials,EQUIPMENT & SOFTWARE,ADMINISTRATIVE EXPENSE
account_8222866,8222866,Regular,Materials,COMPANY APPAREL - UNALLOWABLE,ADMINISTRATIVE EXPENSE
account_8223159,8223159,Regular,Materials,OFFICE SUPPLIES,ADMINISTRATIVE EXPENSE
account_8224000,8224000,View,View,PARTS & MATERIALS,ADMINISTRATIVE EXPENSE
account_8224100,8224100,Regular,Materials,ADMIN - PARTS & MATERIALS,PARTS & MATERIALS
account_8224800,8224800,Regular,Materials,ADMIN - PARTS & MATERIALS - UNALLOWABLE,PARTS & MATERIALS
account_8227000,8227000,View,View,PRINTING,ADMINISTRATIVE EXPENSE
account_8227143,8227143,Regular,Materials,ADMIN - PRINTING - ALLOWABLE,PRINTING
account_8227843,8227843,Regular,Materials,ADMIN - PRINTING - UNALLOWABLE,PRINTING
account_8231000,8231000,View,View,BANK CHARGES,ADMINISTRATIVE EXPENSE
account_8231107,8231107,Regular,Other,BANK CHARGES - ALLOWABLE,BANK CHARGES
account_8231807,8231807,Regular,Other,BANK CHARGES - UNALLOWABLE,BANK CHARGES
account_8232108,8232108,Regular,Other,BUSINESS LICENSES & PERMITS,ADMINISTRATIVE EXPENSE
account_8233000,8233000,View,View,DUES & SUBSCRIPTIONS,ADMINISTRATIVE EXPENSE
account_8233115,8233115,Regular,Other,ADMIN - DUES & SUBSCRIPTIONS – ALLOWABLE,DUES & SUBSCRIPTIONS
account_8233815,8233815,Regular,Other,ADMIN - DUES & SUBSCRIPTIONS - UNALLOWABLE,DUES & SUBSCRIPTIONS
account_8234000,8234000,View,View,EQUIPMENT RENT/LEASE EXPENSE,ADMINISTRATIVE EXPENSE
account_8234115,8234115,Regular,Other,ADMIN - EQUIPMENT LEASE EXPENSE - ALLOWABLE,EQUIPMENT RENT/LEASE EXPENSE
account_8234815,8234815,Regular,Other,ADMIN - EQUIPMENT LEASE EXPENSE - UNALLOWABLE,EQUIPMENT RENT/LEASE EXPENSE
account_8235000,8235000,View,View,FEES & FINES,ADMINISTRATIVE EXPENSE
account_8235118,8235118,Regular,Other,ADMIN - FEES,FEES & FINES
account_8235818,8235818,Regular,Other,ADMIN - FEES & FINES - UNUNALLOWABLE,FEES & FINES
account_8236000,8236000,View,View,POSTAGE,ADMINISTRATIVE EXPENSE
account_8236138,8236138,Regular,Other,ADMIN - POSTAGE,POSTAGE
account_8236838,8236838,Regular,Other,ADMIN - POSTAGE - UNALLOWABLE,POSTAGE
account_8237156,8237156,Regular,Other,ADMIN - SOFTWARE LICNESE FEES,ADMINISTRATIVE EXPENSE
account_8239170,8239170,Regular,Other,ADMIN - TAXES,ADMINISTRATIVE EXPENSE
account_8240000,8240000,View,View,INSURANCE,ADMINISTRATIVE EXPENSE
account_8241127,8241127,Regular,Other,ADMIN - INSURANCE,INSURANCE
account_8241827,8241827,Regular,Other,ADMIN - INSURANCE - UNALLOWABLE,INSURANCE
account_8241828,8241828,Regular,Other,ADMIN - INSURANCE - KEY MAN  - UNALLOWABLE,INSURANCE
account_8250000,8250000,View,View,MEALS & ENTERTAINMENT,ADMINISTRATIVE EXPENSE
account_8251860,8251860,Regular,Other,ADMIN - MEALS & ENTERTAINMENT - UNALLOWABLE,MEALS & ENTERTAINMENT
account_8251867,8251867,Regular,Other,ADMIN - OWNER MEALS - UNALLOWABLE,MEALS & ENTERTAINMENT
account_8260000,8260000,View,View,PROFESSIONAL & CONSULTING,ADMINISTRATIVE EXPENSE
account_8261100,8261100,Regular,Subs,ADMIN - PROFESSIONAL & CONSULTING - ALLOWABLE,PROFESSIONAL & CONSULTING
account_8261800,8261800,Regular,Subs,ADMIN - PROFESSIONAL & CONSULTING - UNALLOWABLE,PROFESSIONAL & CONSULTING
account_8270000,8270000,View,View,TRAINING,ADMINISTRATIVE EXPENSE
account_8271162,8271162,Regular,Materials,ADMIN - TRAINING & REF MANUALS,TRAINING
account_8272162,8272162,Regular,Other,ADMIN - TRAINING - COURSE FEES,TRAINING
account_8280000,8280000,View,View,TRAVEL,ADMINISTRATIVE EXPENSE
account_8281100,8281100,Regular,Travel,ADMIN - TRAVEL - ALLOWABLE,TRAVEL
account_8281555,8281555,Regular,Travel,ADMIN - TRAVEL - OWNER PER DIEM,TRAVEL
account_8281800,8281800,Regular,Travel,ADMIN - TRAVEL - UNALLOWABLE,TRAVEL
account_8281855,8281855,Regular,Travel,ADMIN - TRAVEL - OWNER PER DIEM - UNALLOWABLE,TRAVEL
account_8291100,8291100,Regular,Other,ADMIN - MISC OTHER EXPENSES,ADMINISTRATIVE EXPENSE
account_8291895,8291895,Regular,Other,ADMIN - MISC OTHER EXPENSES - UNALLOWABLE,ADMINISTRATIVE EXPENSE
account_8291221,8291221,Regular,Other,G&A - DEPRECIATION EXPENSE,ADMINISTRATIVE EXPENSE
account_8291223,8291223,Regular,Other,G&A - (GAIN)/LOSS ON DISPOSITION OF FIXED ASSETS,ADMINISTRATIVE EXPENSE
account_8294804,8294804,Regular,Other,BAD DEBT - UNALLOWABLE,ADMINISTRATIVE EXPENSE
account_8297810,8297810,Regular,Other,CHARITABLE CONTRIBUTIONS - UNALLOWABLE,ADMINISTRATIVE EXPENSE
account_8400000,8400000,View,View,MATERIALS HANDLING OVERHEAD,GENERAL & ADMINISTRATIVE EXPENSE
account_8411000,8411000,View,View,MHOH LABOR,MATERIALS HANDLING OVERHEAD
account_8411100,8411100,Regular,Labor,MHOH - LABOR - ALLOWABLE,MHOH LABOR
account_8411225,8411225,Regular,Labor,MHOH - GOVT COMPLIANCE LABOR,MHOH LABOR
account_8411800,8411800,Regular,Labor,MHOH - LABOR - UNALLOWABLE,MHOH LABOR
account_8421000,8421000,View,View,MHOH MATERIALS,MATERIALS HANDLING OVERHEAD
account_8421100,8421100,Regular,Materials,MHOH - MATERIALS,MHOH MATERIALS
account_8421225,8421225,Regular,Materials,MHOH - GOVT COMPLIANCE MATERIALS,MHOH MATERIALS
account_8421800,8421800,Regular,Materials,MHOH MATERIALS - UNALLOWABLE,MHOH MATERIALS
account_8431000,8431000,View,View,MHOH TRAVEL,MATERIALS HANDLING OVERHEAD
account_8431100,8431100,Regular,Travel,MHOH - TRAVEL,MHOH TRAVEL
account_8431225,8431225,Regular,Travel,MHOH - GOVT COMPLIANCE TRAVEL,MHOH TRAVEL
account_8431555,8431555,Regular,Travel,MHOH - OWNER PER DIEM,MHOH TRAVEL
account_8431800,8431800,Regular,Travel,MHOH - OTHER UNALLOWABLE TRAVEL,MHOH TRAVEL
account_8441000,8441000,View,View,MHOH SUBCONTRACTORS,MATERIALS HANDLING OVERHEAD
account_8441100,8441100,Regular,Subs,MHOH - SUBS - EXTERNAL,MHOH SUBCONTRACTORS
account_8441225,8441225,Regular,Subs,MHOH - SUBS - GOVT COMPLIANCE,MHOH SUBCONTRACTORS
account_8471000,8471000,View,View,MHOH OTHER,MATERIALS HANDLING OVERHEAD
account_8471100,8471100,Regular,Other,MHOH - MISC OTHER,MHOH OTHER
account_8471221,8471221,Regular,Other,MHOH - DEPRECIATION,MHOH OTHER
account_8471223,8471223,Regular,Other,MHOH - (GAIN)/LOSS ON DISPOSITION OF FIXED ASSETS,MHOH OTHER
account_8471225,8471225,Regular,Other,MHOH - GOVT COMPLIANCE MISC,MHOH OTHER
account_8471800,8471800,Regular,Other,MHOH - OTHER - UNALLOWABLE,MHOH OTHER
account_8471860,8471860,Regular,Other,MHOH - MEAL & ENTERTAINMENT - UNALLOWABLE,MHOH OTHER
account_8600000,8600000,View,View,EMPLOYEE BENEFITS EXPENSE,GENERAL & ADMINISTRATIVE EXPENSE
account_8610000,8610000,View,View,BONUS,EMPLOYEE BENEFITS EXPENSE
account_8611311,8611311,Regular,Bonus,BONUS - PROFIT SHARING,BONUS
account_8611511,8611511,Regular,Bonus,BONUS - PROFIT SHARING - OWNER,BONUS
account_8612314,8612314,Regular,Bonus,BONUS - SPOT,BONUS
account_8612514,8612514,Regular,Bonus,BONUS - SPOT - OWNER,BONUS
account_8613814,8613814,Regular,Bonus,BONUS EMPLOYEE - UNALLOWABLE,BONUS
account_8614801,8614801,Regular,Bonus,BONUS NON-EMPLOYEE - UNALLOWABLE,BONUS
account_8621324,8621324,Regular,Holiday,HOLIDAY,EMPLOYEE BENEFITS EXPENSE
account_8622000,8622000,View,View,PTO,EMPLOYEE BENEFITS EXPENSE
account_8622326,8622326,Regular,PTO,PTO - ALLOWABLE,PTO
account_8622826,8622826,Regular,PTO,PTO - UNALLOWABLE,PTO
account_8631102,8631102,Regular,Labor,BENEFITS ADMINISTRATION LABOR,EMPLOYEE BENEFITS EXPENSE
account_8641800,8641800,View,View,GIFTS & AWARDS,EMPLOYEE BENEFITS EXPENSE
account_8641841,8641841,Regular,Gifts & Awards,GIFTS & AWARDS - EMPLOYEE - UNALLOWABLE,GIFTS & AWARDS
account_8641844,8641844,Regular,Gifts & Awards,GIFTS & AWARDS - OWNER - UNALLOWABLE,GIFTS & AWARDS
account_8651000,8651000,View,View,HEALTH INSURANCE,EMPLOYEE BENEFITS EXPENSE
account_8651301,8651301,Regular,Health Insurance,HEALTH INSURANCE - EMPLOYEE,HEALTH INSURANCE
account_8651501,8651501,Regular,Health Insurance,HEALTH INSURANCE - OWNER,HEALTH INSURANCE
account_8651801,8651801,Regular,Health Insurance,HEALTH INSURANCE - COBRA,HEALTH INSURANCE
account_8652000,8652000,View,View,HSA CONTRIBUTION,EMPLOYEE BENEFITS EXPENSE
account_8652301,8652301,Regular,HSA Contribution,HSA CONTRIBUTION – EMPLOYEE,HSA CONTRIBUTION
account_8652501,8652501,Regular,HSA Contribution,HSA CONTRIBUTION - OWNER,HSA CONTRIBUTION
account_8653000,8653000,View,View,DENTAL INSURANCE,EMPLOYEE BENEFITS EXPENSE
account_8653301,8653301,Regular,Dental Insurance,DENTAL INSURANCE - EMPLOYEE,DENTAL INSURANCE
account_8653501,8653501,Regular,Dental Insurance,DENTAL INSURANCE - OWNER,DENTAL INSURANCE
account_8653801,8653801,Regular,Dental Insurance,DENTAL INSURANCE - COBRA,DENTAL INSURANCE
account_8654000,8654000,View,View,VISION INSURANCE,EMPLOYEE BENEFITS EXPENSE
account_8654301,8654301,Regular,Vision Insurance,VISION INSURANCE - EMPLOYEE,VISION INSURANCE
account_8654501,8654501,Regular,Vision Insurance,VISION INSURANCE - OWNER,VISION INSURANCE
account_8654801,8654801,Regular,Vision Insurance,VISION INSURANCE - COBRA,VISION INSURANCE
account_8661000,8661000,View,View,LIFE INSURANCE,EMPLOYEE BENEFITS EXPENSE
account_8661301,8661301,Regular,Life Insurance,LIFE INSURANCE – EMPLOYEE,LIFE INSURANCE
account_8661501,8661501,Regular,Life Insurance,LIFE INSURANCE - OWNER,LIFE INSURANCE
account_8662000,8662000,View,View,ST DISABILITY INSURANCE,EMPLOYEE BENEFITS EXPENSE
account_8662501,8662501,Regular,ST Disability Insurance,ST DISABILITY INSURANCE - OWNER,ST DISABILITY INSURANCE
account_8662301,8662301,Regular,ST Disability Insurance,ST DISABILITY INSURANCE,ST DISABILITY INSURANCE
account_8663000,8663000,View,View,LT DISABILITY INSURANCE,EMPLOYEE BENEFITS EXPENSE
account_8663501,8663501,Regular,LT Disability Insurance,LT DISABILITY INSURANCE - OWNER,LT DISABILITY INSURANCE
account_8664331,8664331,Regular,Workers Comp,WORKER'S COMP,EMPLOYEE BENEFITS EXPENSE
account_8663301,8663301,Regular,LT Disability Insurance,LT DISABILITY INSURANCE,LT DISABILITY INSURANCE
account_8671000,8671000,View,View,RETIREMENT CONTRIBUTION,EMPLOYEE BENEFITS EXPENSE
account_8671363,8671363,Regular,Retirement Contribution,401K MATCH,RETIREMENT CONTRIBUTION
account_8671369,8671369,Regular,Retirement Contribution,SAVINGS INCENTIVE,RETIREMENT CONTRIBUTION
account_8671569,8671569,Regular,Retirement Contribution,SAVINGS INCENTIVE - OWNER,RETIREMENT CONTRIBUTION
account_8681000,8681000,View,View,PAYROLL TAXES,EMPLOYEE BENEFITS EXPENSE
account_8681382,8681382,Regular,Payroll Tax,PAYROLL TAXES,PAYROLL TAXES
account_8691393,8691393,Regular,Other Payroll Expenses,PAYROLL PROCESSING FEES,EMPLOYEE BENEFITS EXPENSE
account_8800000,8800000,View,View,FACILITIES EXPENSE,GENERAL & ADMINISTRATIVE EXPENSE
account_8811000,8811000,Regular,Labor,FACILITIES LABOR,FACILITIES EXPENSE
account_8821100,8821100,Regular,Materials,FACILITIES MATERIALS & SUPPLIES,FACILITIES EXPENSE
account_8822100,8822100,Regular,Materials,FACILITIES EQUIPMENT & SOFTWARE,FACILITIES EXPENSE
account_8831000,8831000,View,View,FACILITIES TRAVEL,FACILITIES EXPENSE
account_8831100,8831100,Regular,Travel,FACILITIES TRAVEL – EMPLOYEE,FACILITIES TRAVEL
account_8831555,8831555,Regular,Travel,FACILITIES TRAVEL - OWNER PER DIEM,FACILITIES TRAVEL
account_8841000,8841000,View,View,FACILITIES - CONTRACTOR SERVICES,FACILITIES EXPENSE
account_8841100,8841100,Regular,Subs,SUBCONTRACTOR - EXTERNAL,FACILITIES - CONTRACTOR SERVICES
account_8841225,8841225,Regular,Subs,SUBCONTRACTOR - GOVT COMPLIANCE,FACILITIES - CONTRACTOR SERVICES
account_8841606,8841606,Regular,Subs,CONTRACTOR - INTERCO,FACILITIES - CONTRACTOR SERVICES
account_8842149,8842149,Regular,Subs,JANITORIAL,FACILITIES EXPENSE
account_8851194,8851194,Regular,Other,INSURANCE,FACILITIES EXPENSE
account_8861190,8861190,Regular,Other,RENT,FACILITIES EXPENSE
account_8862197,8862197,Regular,Other,UTILITIES,FACILITIES EXPENSE
account_8863194,8863194,Regular,Other,PHONE EXPENSE,FACILITIES EXPENSE
account_8864191,8864191,Regular,Other,INTERNET & WEB SERVICES,FACILITIES EXPENSE
account_8865221,8865221,Regular,Other,FACILITIES DEPRECIATION,FACILITIES EXPENSE
account_8865223,8865223,Regular,Other,FACILITIES - (GAIN)/LOSS ON DISPOSITION OF FIXED ASSETS,FACILITIES EXPENSE
account_8866174,8866174,Regular,Other,FACILITIES - TAX - PROPERTY,FACILITIES EXPENSE
account_8890000,8890000,View,View,FACILITIES MISC,FACILITIES EXPENSE
account_8899101,8899101,Regular,Other,FACIILITIES - MISC OTHER,FACILITIES MISC
account_8899895,8899895,Regular,Other,FACITITIES - MISC OTHER - UNALLOWABLE,FACILITIES MISC
account_9,9,View,View,NET INCOME (LOSS),PROFIT AND LOSS
account_9100000,9100000,View,View,INCOME (LOSS) FROM OPERATIONS,NET INCOME (LOSS)
account_9200000,9200000,View,View,INCOME (LOSS) FROM INVESTMENTS,INCOME (LOSS) FROM OPERATIONS
account_9230000,9230000,View,View,INCOME (LOSS) FROM SUBSIDIARIES,INCOME (LOSS) FROM INVESTMENTS
account_9230950,9230950,Regular,Other,IMSAR AVIATION INCOME (LOSS),INCOME (LOSS) FROM SUBSIDIARIES
account_9230960,9230960,Regular,Other,AVIANT INCOME (LOSS),INCOME (LOSS) FROM SUBSIDIARIES
account_9230970,9230970,Regular,Other,TAGSMYTH INCOME (LOSS),INCOME (LOSS) FROM SUBSIDIARIES
account_9700000,9700000,View,View,OTHER INCOME & EXPENSE,NET INCOME (LOSS)
account_9710000,9710000,View,View,OTHER INCOME,OTHER INCOME & EXPENSE
account_9711720,9711720,Regular,Other Income,ROYALTY INCOME,OTHER INCOME
account_9712733,9712733,Regular,Other Income,SHOP LEASE INCOME,OTHER INCOME
account_9716771,9716771,Regular,Other Income,INTEREST INCOME,OTHER INCOME
account_9717772,9717772,Regular,Other Income,CURRENCY CONVERSION INCOME,OTHER INCOME
account_9719795,9719795,Regular,Other Income,MISC. OTHER INCOME,OTHER INCOME
account_9770000,9770000,View,View,OTHER EXPENSE,OTHER INCOME & EXPENSE
account_9776871,9776871,Regular,Other,INTEREST EXPENSE - UNALLOWABLE,OTHER EXPENSE
account_9777972,9777972,Regular,Other,CURRENCY CONVERSION EXPENSE,OTHER EXPENSE
account_9779895,9779895,Regular,Other,MISC OTHER EXPENSE - UNALLOWABLE,OTHER EXPENSE
account_9779995,9779995,Regular,Other,MISC OTHER EXPENSE - ALLOWABLE,OTHER EXPENSE
